{
  "ls_cf_error": {
    "means": 1.8199846738207452,
    "stds": 0.0
  },
  "ls_cr_error": {
    "means": 0.2192566428286955,
    "stds": 0.0
  },
  "nn_cf_error": {
    "means": 0.02103515625,
    "stds": 0.0
  },
  "nn_cr_error": {
    "means": 0.020807291666666665,
    "stds": 0.0
  },
  "nn_mean_error": {
    "means": 0.020921223958333332,
    "stds": 0.0
  },
  "attn_cf_error": {
    "means": 0.0,
    "stds": 0.0
  },
  "attn_cr_error": {
    "means": 0.0,
    "stds": 0.0
  },
  "attn_mean_error": {
    "means": 0.0,
    "stds": 0.0
  },
  "best_method": {
    "means": 1,
    "stds": 0.0
  }
}