{
  "least_squares": {
    "cf_error_percent": 1.8199846738207452,
    "cr_error_percent": 0.2192566428286955,
    "mean_error_percent": 1.0196206583247203,
    "pred_Cf": 81455.9877390566,
    "pred_Cr": 90197.33097854583,
    "true_Cf": 80000.0,
    "true_Cr": 90000.0
  },
  "neural_network": {
    "cf_error_percent": 0.02103515625,
    "cr_error_percent": 0.020807291666666665,
    "mean_error_percent": 0.020921223958333332,
    "pred_Cf": 80016.828125,
    "pred_Cr": 90018.7265625,
    "true_Cf": 80000.0,
    "true_Cr": 90000.0,
    "train_losses": [
      2361235301.5873017,
      592848354.5396825,
      568214041.9047619,
      544510667.1746032,
      517330858.15873015,
      483775259.4285714,
      441740261.5873016,
      385967869.96825397,
      315218672.7619048,
      227126069.33333334,
      134007644.6984127,
      59712330.0,
      19637725.523809522,
      5599451.48015873,
      1798919.0853174604,
      724599.2395833334,
      335998.9469246032,
      171055.10429067462,
      101525.62214781746,
      67181.94897073413,
      52662.50148809524,
      39537.26664806547,
      32052.394934275795,
      24607.076497395832,
      19782.065305679564,
      16390.76824466766,
      12903.076427641368,
      10182.469447544643,
      8394.426083519345,
      7278.501809740824,
      5261.374810112848,
      4462.906922355531,
      3498.7570762028768,
      3112.233942909846,
      2585.6429927765375,
      2095.8805076962426,
      1904.9327344137525,
      1652.7851426866318,
      1602.7071712433346,
      1335.9612853035094,
      1108.441878061446,
      1103.1448490203372,
      941.0701182531932,
      1028.866932702443,
      1024.4788808671256,
      824.7540835425967,
      774.3985808841766,
      696.961695595393,
      636.4207007998511,
      715.2068178691561,
      587.5697244311136,
      522.3258773561508,
      453.8919072226873,
      432.6070341079954,
      462.55462234739275,
      354.92210799928694,
      316.0087057446677,
      314.4236841353159,
      253.8823053269159,
      267.000855824304,
      278.5604180230035,
      250.47020588223896,
      251.83269948807973,
      143.18753330291264,
      161.00858936612568,
      141.99539947509766,
      117.54118171570794,
      111.37257960486033,
      169.8665236215743,
      86.08160173325311,
      49.376986458188014,
      59.8051386636401,
      33.719485298035636,
      32.91266485244509,
      29.878636398012677,
      24.325436198522173,
      22.067840939476376,
      25.985952642228867,
      28.13242717016311,
      17.100928018963526,
      11.00253919571165,
      51.67873533188351,
      217.01323724928358,
      908.5726709819976,
      17597.399342612614,
      3315.3456179300942,
      2291.440543825664,
      5673.54036467416,
      876.770666243538,
      30.384417942592076,
      20684.02072933742,
      195.9713630070762,
      644.425895834726,
      11372.472530047098,
      32987.94719175308,
      461.73061880232797,
      26.28059992714534,
      223.41706219173614,
      33650.59905910492,
      14088.125936712537
    ],
    "val_losses": [
      513206166.0,
      371948062.0,
      379782738.0,
      352174770.0,
      326337485.0,
      331514641.0,
      285376683.0,
      229013016.0,
      180037118.0,
      116016643.0,
      66195428.5,
      25009978.875,
      7548048.890625,
      1942213.640625,
      792368.2734375,
      382968.904296875,
      213636.5380859375,
      133252.06396484375,
      86766.98388671875,
      63959.67858886719,
      51678.535888671875,
      38645.051025390625,
      27392.849365234375,
      26605.5654296875,
      19527.8427734375,
      16482.549560546875,
      8703.096923828125,
      6784.683029174805,
      7958.475128173828,
      5176.065948486328,
      2911.549072265625,
      1309.7431154251099,
      1878.2667770385742,
      1009.3763065338135,
      1239.447509765625,
      908.4629039764404,
      920.8909766674042,
      1027.538872718811,
      1617.2843780517578,
      1047.207953453064,
      1290.1031093597412,
      1330.5833702087402,
      1473.1180019378662,
      1698.0076141357422,
      1350.8713884353638,
      1884.819423675537,
      1144.806263923645,
      1070.7757210731506,
      1013.2524194717407,
      846.4873559474945,
      748.7511135339737,
      950.0091686248779,
      751.9667062759399,
      570.6687183380127,
      511.99741649627686,
      454.9332948923111,
      464.404748916626,
      397.67552161216736,
      350.4669771194458,
      299.7211538553238,
      341.90551257133484,
      573.8213596343994,
      255.59874176979065,
      198.18819642066956,
      184.43544417619705,
      187.74596858024597,
      512.1356430053711,
      124.31279706954956,
      133.55641746520996,
      94.22560113668442,
      99.55696845054626,
      53.64012733101845,
      43.08559596538544,
      37.424792021512985,
      40.93471276760101,
      31.637735188007355,
      48.102017641067505,
      15.067221894860268,
      21.965295612812042,
      12.121542319655418,
      10.91686537861824,
      5.586606061086059,
      967.6384963989258,
      12793.213500976562,
      26631.7939453125,
      2228.694610595703,
      17533.858947753906,
      4079.7103118896484,
      121.95198822021484,
      195.7304253578186,
      10.163004338741302,
      6.874293297529221,
      210.33920621871948,
      19310.213012695312,
      1433.5559844970703,
      22.31348466873169,
      34.34647023677826,
      385.19676971435547,
      16588.2431640625,
      407.5227966308594
    ]
  },
  "attention_network": {
    "cf_error_percent": 0.041259765625,
    "cr_error_percent": 0.04310763888888889,
    "mean_error_percent": 0.04218370225694444,
    "pred_Cf": 79966.9921875,
    "pred_Cr": 89961.203125,
    "true_Cf": 80000.0,
    "true_Cr": 90000.0,