{
  "least_squares": {
    "cf_error_percent": 1.4598614704103783,
    "cr_error_percent": 0.06534656927983937,
    "mean_error_percent": 0.7626040198451088,
    "pred_Cf": 81167.8891763283,
    "pred_Cr": 90058.81191235186,
    "true_Cf": 80000.0,
    "true_Cr": 90000.0
  },
  "neural_network": {
    "cf_error_percent": 0.04421875,
    "cr_error_percent": 0.04362847222222222,
    "mean_error_percent": 0.04392361111111111,
    "pred_Cf": 79964.625,
    "pred_Cr": 89960.734375,
    "true_Cf": 80000.0,
    "true_Cr": 90000.0,
    "train_losses": [
      2361257964.698413,
      592846810.9206349,
      568211917.7142857,
      544507939.5555556,
      517326992.7619048,
      483771024.7619048,
      441734270.984127,
      385961549.2063492,
      315208508.95238096,
      227147831.1111111,
      134031411.17460318,
      59807912.79365079,
      19682495.555555556,
      5627331.099206349,
      1807944.8759920634,
      728954.777281746,
      338642.66691468254,
      172884.75347222222,
      102924.78763640873,
      68292.41046626984,
      53512.38110739087,
      40275.66790674603,
      32538.271515376986,
      25083.559461805555,
      20167.484018477182,
      16726.71027095734,
      13177.13168092758,
      10380.896786644345,
      8515.904048859127,
      7367.80974469866,
      5361.360649956598,
      4566.969864133805,
      3580.1186794704863,
      3198.6517372736857,
      2648.8076772538443,
      2146.9745580279637,
      1958.0779806470114,
      1690.0977260044642,
      1653.1202392578125,
      1372.2669270833333,
      1140.491983080667,
      1120.939417278956,
      959.4656793503534,
      1057.8485533699156,
      1098.3027871752543,
      844.0233769492497,
      803.6825484018477,
      710.0055527460007,
      644.095703609406,
      730.4958735874721,
      611.0333348834325,
      533.711181156219,
      457.5851377456907,
      441.0950235033792,
      480.41651504758806,
      365.7481427873884,
      325.18406774127294,
      320.6031882876442,
      256.6506725492932,
      267.7312497335767,
      287.5819140237475,
      253.5218045673673,
      242.31132131909567,
      140.4885710458907,
      156.37048267182848,
      141.32608777000792,
      110.93169748215448,
      108.81325052654933,
      179.28999171181331,
      82.23859923226493,
      49.8154119158548,
      54.05990182785761,
      35.14448732043069,
      31.751995147220672,
      27.64582419773889,
      23.593000472538055,
      22.397663729531423,
      24.341583910442534,
      21.00038302890838,
      18.38304649080549,
      10.717534148503864,
      57.59578407378424,
      80.01331756985377,
      511.26618165818473,
      4438.88944995214,
      10141.738051399352,
      17198.19328592694,
      4011.3363364083425,
      145.09016227722168,
      672.163268793197,
      12556.75473441775,
      32.26896747710213,
      851.6763099261692,
      20581.34375557067,
      1047.8312634362114,
      1338.1410255583505,
      18299.95404207139,
      16084.622439202809,
      674.7625912333292,
      75.82384157180786
    ],
    "val_losses": [
      513209054.0,
      371950042.0,
      379791030.0,
      352188296.0,
      326342139.0,
      331544844.0,
      285397209.0,
      228993141.0,
      180496647.0,
      117577244.5,
      65635189.5,
      25109938.5625,
      7569514.640625,
      1952429.2734375,
      798190.1015625,
      387121.435546875,
      216635.7919921875,
      135769.48291015625,
      88813.52392578125,
      65435.11737060547,
      53292.86022949219,
      40141.20642089844,
      28222.39207458496,
      27339.12109375,
      20155.507080078125,
      16861.7890625,
      9061.297760009766,
      6998.242462158203,
      8450.535278320312,
      5541.331329345703,
      2895.62638092041,
      1346.7943210601807,
      1902.5874786376953,
      953.2433366775513,
      1207.5281791687012,
      907.1552777290344,
      899.5211024284363,
      1023.2139344215393,
      1673.5169525146484,
      1031.1085431575775,
      1229.2051229476929,
      1229.3841619491577,
      1547.9393062591553,
      1876.3679008483887,
      1266.9465656280518,
      1974.9642028808594,
      1133.2412147521973,
      1118.0667142868042,
      991.2034311294556,
      858.5625746250153,
      747.892293214798,
      921.4828815460205,
      750.8254251480103,
      561.738128900528,
      535.1116135120392,
      450.911612868309,
      435.85219049453735,
      398.9091455936432,
      353.5769944190979,
      303.61027443408966,
      339.90059542655945,
      624.9574432373047,
      246.6190983057022,
      194.4115275144577,
      173.76810503005981,
      185.57447028160095,
      465.7330856323242,
      121.16522431373596,
      153.4197657108307,
      99.47638309001923,
      83.07641458511353,
      54.539453729987144,
      41.060609593987465,
      35.69467133283615,
      41.258431792259216,
      27.746910512447357,
      50.42900061607361,
      14.448444873094559,
      20.808299243450165,
      13.56049656867981,
      7.316376108676195,
      5.974929489195347,
      297.8119173049927,
      8601.741485595703,
      6844.681549072266,
      11476.913330078125,
      22984.927001953125,
      363.0874252319336,
      18.593483984470367,
      690.197172164917,
      73.02135610580444,
      4.67103385925293,
      8975.824737548828,
      9681.0810546875,
      61.75353538990021,
      213.53601121902466,
      14865.810424804688,
      4009.8660430908203,
      5.7574426382780075,
      1676.8202819824219
    ]
  },
  "attention_network": {
    "cf_error_percent": 0.00310546875,
    "cr_error_percent": 0.009635416666666667,
    "mean_error_percent": 0.006370442708333333,
    "pred_Cf": 79997.515625,
    "pred_Cr": 89991.328125,
    "true_Cf": 80000.0,
    "true_Cr": 90000.0,