{
  "ls_cf_error": {
    "means": 1.9082690282704244,
    "stds": 0.0
  },
  "ls_cr_error": {
    "means": 0.2511336689181755,
    "stds": 0.0
  },
  "nn_cf_error": {
    "means": 0.0013867187500000001,
    "stds": 0.0
  },
  "nn_cr_error": {
    "means": 0.0013975694444444446,
    "stds": 0.0
  },
  "nn_mean_error": {
    "means": 0.0013921440972222224,
    "stds": 0.0
  },
  "attn_cf_error": {
    "means": 0.026572265625,
    "stds": 0.0
  },
  "attn_cr_error": {
    "means": 0.02628472222222222,
    "stds": 0.0
  },
  "attn_mean_error": {
    "means": 0.02642849392361111,
    "stds": 0.0
  },
  "best_method": {
    "means": 0,
    "stds": 0.0
  }
}