{
  "least_squares": {
    "cf_error_percent": 1.9082690282704244,
    "cr_error_percent": 0.2511336689181755,
    "mean_error_percent": 1.0797013485943,
    "pred_Cf": 81526.61522261634,
    "pred_Cr": 90226.02030202636,
    "true_Cf": 80000.0,
    "true_Cr": 90000.0
  },
  "neural_network": {
    "cf_error_percent": 0.0013867187500000001,
    "cr_error_percent": 0.0013975694444444446,
    "mean_error_percent": 0.0013921440972222224,
    "pred_Cf": 79998.890625,
    "pred_Cr": 89998.7421875,
    "true_Cf": 80000.0,
    "true_Cr": 90000.0,
    "train_losses": [
      2361250026.15873,
      592848188.4444444,
      568209994.6666666,
      544501534.9841269,
      517315020.1904762,
      483750066.28571427,
      441703141.5873016,
      385917109.3333333,
      315077368.38095236,
      227180220.44444445,
      133981363.3015873,
      59735921.55555555,
      19675827.873015873,
      5617940.607142857,
      1803315.5158730159,
      725980.0744047619,
      336514.9310515873,
      171157.4833829365,
      101472.72935267857,
      67110.47178819444,
      52675.52095734127,
      39406.071955605155,
      32014.538814484127,
      24583.520693824405,
      19776.51472594246,
      16361.566421750993,
      12891.809678819445,
      10199.680098276289,
      8434.85873170883,
      7325.261338975694,
      5294.411919487848,
      4499.85110328311,
      3530.1327853732637,
      3139.0543154761904,
      2611.1213650173613,
      2131.345387292287,
      1932.0062236483134,
      1678.3062811957466,
      1631.4879620264446,
      1362.1168910435267,
      1128.3978218199716,
      1125.1167830209884,
      964.2104046533979,
      1058.8418923029824,
      1040.8626098632812,
      839.0256560794891,
      783.1880570669023,
      712.0994122217572,
      644.5387820289249,
      738.7362496512277,
      613.0231061662946,
      528.3861316499256,
      461.99390375046505,
      441.9816080729167,
      465.62899295867436,
      364.6289324079241,
      325.401115296379,
      319.3267445639959,
      260.79537915426585,
      269.4815792507595,
      275.48695300874255,
      247.59784613715277,
      258.72853209480405,
      149.91639957730732,
      162.66104289463587,
      147.32211806282166,
      119.48338996039496,
      115.33789940485879,
      174.31932297963945,
      98.0385311368912,
      52.377179857284304,
      58.82551123603942,
      33.68486704145159,
      32.12510348123217,
      28.627360184987385,
      23.50123964037214,
      23.896849359784806,
      26.207243987492152,
      27.028082945990185,
      15.191259323604523,
      14.628710761902825,
      103.73183597080292,
      38.761417071024574,
      341.9831730903141,
      9039.275293213981,
      8582.670937795488,
      2658.800886585599,
      188.35940021181864,
      29739.62780768531,
      2867.1998453897145,
      127.6585785850646,
      5.467528850313217,
      393.7094786204989,
      12958.8075621393,
      3975.41375823248,
      49836.83365425231,
      1704.7593260038466,
      17.99841022491455,
      5.526093717605349,
      3.7385978168911405
    ],
    "val_losses": [
      513208763.0,
      371945692.0,
      379775486.0,
      352161600.0,
      326322007.0,
      331485992.0,
      285340551.0,
      229026731.0,
      181929832.0,
      115953262.0,
      65522720.5,
      24882352.75,
      7616623.671875,
      1945253.3046875,
      793193.1875,
      382957.166015625,
      213170.4345703125,
      132846.32202148438,
      86285.25219726562,
      63629.78091430664,
      51911.55749511719,
      38326.50109863281,
      27158.545684814453,
      26536.82012939453,
      19334.218505859375,
      16058.110656738281,
      8610.579040527344,
      6862.992691040039,
      8214.669342041016,
      5358.846923828125,
      2900.9021072387695,
      1300.8409814834595,
      1871.8617706298828,
      1004.1028652191162,
      1296.9653816223145,
      921.7712202072144,
      947.2028329372406,
      1064.7657985687256,
      1613.172924041748,
      1076.37011384964,
      1327.9719734191895,
      1423.7066068649292,
      1515.660062789917,
      1718.8542251586914,
      1334.0183868408203,
      1873.9706954956055,
      1169.7806510925293,
      1111.627106666565,
      1036.1104764938354,
      895.103794336319,
      772.0821125507355,
      950.4858150482178,
      764.0973434448242,
      577.992253780365,
      524.0623526573181,
      465.74421215057373,
      497.0837297439575,
      403.2255725264549,
      354.7019066810608,
      308.05628180503845,
      340.1612591743469,
      606.84716796875,
      259.21701979637146,
      202.8206181526184,
      196.65085792541504,
      179.18659502267838,
      534.3171367645264,
      135.28741765022278,
      196.48456859588623,
      111.97506713867188,
      97.90782284736633,
      55.11480614542961,
      44.18503254652023,
      38.70664373040199,
      40.10389286279678,
      30.715202152729034,
      48.47660160064697,
      16.66679458320141,
      13.566621482372284,
      11.483769126236439,
      9.272614806890488,
      37.19033396244049,
      100.41634559631348,
      4505.988555908203,
      36091.49353027344,
      8815.906860351562,
      76.84710621833801,
      278.21509170532227,
      261.0101411342621,
      550.7618141174316,
      4.2421877309679985,
      16.47133845090866,
      1559.6123847961426,
      41464.404541015625,
      3790.696632385254,
      14292.02407836914,
      27.882930517196655,
      22.889760434627533,
      1.7588728908449411,
      3.1956937462091446
    ]
  },
  "attention_network": {
    "cf_error_percent": 0.017412109375,
    "cr_error_percent": 0.017187499999999998,
    "mean_error_percent": 0.017299804687499996,
    "pred_Cf": 80013.9296875,
    "pred_Cr": 90015.46875,
    "true_Cf": 80000.0,
    "true_Cr": 90000.0,